datetime,avg_temp_hive,upper_temp_hive,lower_temp_hive,avg_humidity_hive,upper_humidity_hive,lower_humidity_hive,avg_light_intensity,upper_light_intensity,lower_light_intensity,avg_temp,upper_temp,lower_temp,avg_humidity,upper_humidity,lower_humidity,avg_co2,upper_co2,lower_co2,c00001_d001_temp_hive,c00001_d001_humidity_hive,c00001_d001_light_intensity,c00001_d001_temp,c00001_d001_humidity,c00001_d001_co2,c00005_d001_temp_hive,c00005_d001_humidity_hive,c00005_d001_light_intensity,c00005_d001_temp,c00005_d001_humidity,c00005_d001_co2,c99999_d002_temp_hive,c99999_d002_humidity_hive,c99999_d002_light_intensity,c99999_d002_temp,c99999_d002_humidity,c99999_d002_co2
2025-11-22 11:00:00,1.9,1.9,1.9,79.9,79.9,79.9,,,,,,,,,,581.0,581.0,581.0,,,,,,,1.9,79.9,,,,581.0,,,,,,
2025-11-22 11:30:00,3.4,3.4,3.4,70.4,70.4,70.4,3056.7,3056.7,3056.7,4.7,4.7,4.7,100.0,100.0,100.0,176.0,176.0,176.0,3.4,70.4,3056.7,4.7,100.0,176.0,,,,,,,,,,,,
2025-11-22 12:00:00,3.4,3.5,3.2,75.2,80.0,70.5,1195.8,1195.8,1195.8,4.2,4.4,4.0,85.4,99.3,71.5,380.0,562.4,197.6,3.5,70.3,1195.8,4.0,100.0,188.0,3.2,80.2,,4.4,70.8,572.0,,,,,,
2025-11-22 12:30:00,3.5,3.5,3.5,70.2,70.2,70.2,1943.3,1943.3,1943.3,4.2,4.2,4.2,100.0,100.0,100.0,226.0,226.0,226.0,3.5,70.2,1943.3,4.2,100.0,226.0,,,,,,,,,,,,
2025-11-22 13:00:00,3.6,3.6,3.6,70.2,70.2,70.2,2508.3,2508.3,2508.3,5.7,5.7,5.7,100.0,100.0,100.0,174.0,174.0,174.0,3.6,70.2,2508.3,5.7,100.0,174.0,,,,,,,,,,,,
2025-11-22 13:30:00,0.8,3.6,-1.9,74.9,79.6,70.3,1756.7,1756.7,1756.7,4.3,4.3,4.3,100.0,100.0,100.0,378.5,571.8,185.2,3.7,70.1,1756.7,4.3,100.0,175.0,-2.0,79.8,,,,582.0,,,,,,
2025-11-22 14:00:00,3.7,3.7,3.7,70.1,70.1,70.1,767.5,767.5,767.5,3.4,3.4,3.4,100.0,100.0,100.0,198.0,198.0,198.0,3.7,70.1,767.5,3.4,100.0,198.0,,,,,,,,,,,,
2025-11-22 14:30:00,3.8,3.8,3.8,70.2,70.2,70.2,773.3,773.3,773.3,3.1,3.1,3.1,100.0,100.0,100.0,199.0,199.0,199.0,3.8,70.2,773.3,3.1,100.0,199.0,,,,,,,,,,,,
2025-11-22 15:00:00,3.9,3.9,3.9,70.3,70.3,70.3,256.7,256.7,256.7,3.0,3.0,3.0,100.0,100.0,100.0,225.0,225.0,225.0,3.9,70.3,256.7,3.0,100.0,225.0,,,,,,,,,,,,
2025-11-22 15:30:00,3.9,3.9,3.9,70.4,70.4,70.4,44.2,44.2,44.2,2.7,2.7,2.7,100.0,100.0,100.0,209.0,209.0,209.0,3.9,70.4,44.2,2.7,100.0,209.0,,,,,,,,,,,,
2025-11-22 16:00:00,4.1,4.1,4.1,70.4,70.4,70.4,1.7,1.7,1.7,2.5,2.5,2.5,100.0,100.0,100.0,370.0,370.0,370.0,4.1,70.4,1.7,2.5,100.0,370.0,,,,,,,,,,,,
2025-11-22 16:30:00,4.1,4.1,4.1,70.4,70.4,70.4,0.0,0.0,0.0,2.4,2.4,2.4,100.0,100.0,100.0,396.0,396.0,396.0,4.1,70.4,0.0,2.4,100.0,396.0,,,,,,,,,,,,
2025-11-22 17:00:00,4.1,4.1,4.1,70.4,70.4,70.4,0.0,0.0,0.0,2.3,2.3,2.3,100.0,100.0,100.0,358.0,358.0,358.0,4.1,70.4,0.0,2.3,100.0,358.0,,,,,,,,,,,,
2025-11-22 17:30:00,4.1,4.1,4.1,70.3,70.3,70.3,0.0,0.0,0.0,2.4,2.4,2.4,100.0,100.0,100.0,361.0,361.0,361.0,4.1,70.3,0.0,2.4,100.0,361.0,,,,,,,,,,,,
2025-11-22 18:00:00,4.1,4.1,4.1,70.3,70.3,70.3,0.0,0.0,0.0,2.2,2.2,2.2,100.0,100.0,100.0,362.0,362.0,362.0,4.1,70.3,0.0,2.2,100.0,362.0,,,,,,,,,,,,
2025-11-22 18:30:00,4.0,4.0,4.0,70.3,70.3,70.3,0.0,0.0,0.0,1.8,1.8,1.8,100.0,100.0,100.0,391.0,391.0,391.0,4.0,70.3,0.0,1.8,100.0,391.0,,,,,,,,,,,,
2025-11-22 19:00:00,4.0,4.0,4.0,70.2,70.2,70.2,0.0,0.0,0.0,1.3,1.3,1.3,100.0,100.0,100.0,395.0,395.0,395.0,4.0,70.2,0.0,1.3,100.0,395.0,,,,,,,,,,,,
2025-11-22 19:30:00,3.9,3.9,3.9,70.2,70.2,70.2,0.0,0.0,0.0,1.0,1.0,1.0,100.0,100.0,100.0,343.0,343.0,343.0,3.9,70.2,0.0,1.0,100.0,343.0,,,,,,,,,,,,
2025-11-22 20:00:00,3.9,3.9,3.9,70.1,70.1,70.1,0.0,0.0,0.0,1.0,1.0,1.0,100.0,100.0,100.0,379.0,379.0,379.0,3.9,70.1,0.0,1.0,100.0,379.0,,,,,,,,,,,,
2025-11-22 20:30:00,3.8,3.8,3.8,70.0,70.0,70.0,0.0,0.0,0.0,0.9,0.9,0.9,100.0,100.0,100.0,367.0,367.0,367.0,3.8,70.0,0.0,0.9,100.0,367.0,,,,,,,,,,,,
2025-11-22 21:00:00,3.7,3.7,3.7,70.0,70.0,70.0,0.0,0.0,0.0,0.9,0.9,0.9,100.0,100.0,100.0,381.0,381.0,381.0,3.7,70.0,0.0,0.9,100.0,381.0,,,,,,,,,,,,
2025-11-22 21:30:00,3.7,3.7,3.7,69.9,69.9,69.9,0.0,0.0,0.0,1.3,1.3,1.3,100.0,100.0,100.0,344.0,344.0,344.0,3.7,69.9,0.0,1.3,100.0,344.0,,,,,,,,,,,,
2025-11-22 22:00:00,3.6,3.6,3.6,69.8,69.8,69.8,0.0,0.0,0.0,1.6,1.6,1.6,100.0,100.0,100.0,358.0,358.0,358.0,3.6,69.8,0.0,1.6,100.0,358.0,,,,,,,,,,,,
2025-11-22 22:30:00,3.5,3.5,3.5,69.8,69.8,69.8,0.0,0.0,0.0,1.7,1.7,1.7,100.0,100.0,100.0,354.0,354.0,354.0,3.5,69.8,0.0,1.7,100.0,354.0,,,,,,,,,,,,
2025-11-22 23:00:00,3.5,3.5,3.5,69.7,69.7,69.7,0.0,0.0,0.0,1.6,1.6,1.6,100.0,100.0,100.0,375.0,375.0,375.0,3.5,69.7,0.0,1.6,100.0,375.0,,,,,,,,,,,,
2025-11-22 23:30:00,3.4,3.4,3.4,69.7,69.7,69.7,0.0,0.0,0.0,1.5,1.5,1.5,100.0,100.0,100.0,339.0,339.0,339.0,3.4,69.7,0.0,1.5,100.0,339.0,,,,,,,,,,,,
2025-11-23 00:00:00,3.4,3.4,3.4,69.7,69.7,69.7,0.0,0.0,0.0,1.5,1.5,1.5,100.0,100.0,100.0,363.0,363.0,363.0,3.4,69.7,0.0,1.5,100.0,363.0,,,,,,,,,,,,
2025-11-23 00:30:00,3.3,3.3,3.3,69.6,69.6,69.6,0.0,0.0,0.0,1.2,1.2,1.2,100.0,100.0,100.0,357.0,357.0,357.0,3.3,69.6,0.0,1.2,100.0,357.0,,,,,,,,,,,,
2025-11-23 01:00:00,3.3,3.3,3.3,69.6,69.6,69.6,0.0,0.0,0.0,0.5,0.5,0.5,100.0,100.0,100.0,346.0,346.0,346.0,3.3,69.6,0.0,0.5,100.0,346.0,,,,,,,,,,,,
2025-11-23 01:30:00,3.2,3.2,3.2,69.5,69.5,69.5,0.0,0.0,0.0,0.2,0.2,0.2,100.0,100.0,100.0,359.0,359.0,359.0,3.2,69.5,0.0,0.2,100.0,359.0,,,,,,,,,,,,
2025-11-23 02:00:00,3.2,3.2,3.2,69.5,69.5,69.5,0.0,0.0,0.0,-0.1,-0.1,-0.1,100.0,100.0,100.0,345.0,345.0,345.0,3.2,69.5,0.0,-0.1,100.0,345.0,,,,,,,,,,,,
2025-11-23 02:30:00,3.1,3.1,3.1,69.4,69.4,69.4,0.0,0.0,0.0,-0.1,-0.1,-0.1,100.0,100.0,100.0,355.0,355.0,355.0,3.1,69.4,0.0,-0.1,100.0,355.0,,,,,,,,,,,,
2025-11-23 03:00:00,3.1,3.1,3.1,69.4,69.4,69.4,0.0,0.0,0.0,-0.1,-0.1,-0.1,100.0,100.0,100.0,361.0,361.0,361.0,3.1,69.4,0.0,-0.1,100.0,361.0,,,,,,,,,,,,
2025-11-23 03:30:00,3.0,3.0,3.0,69.4,69.4,69.4,0.0,0.0,0.0,0.0,0.0,0.0,100.0,100.0,100.0,351.0,351.0,351.0,3.0,69.4,0.0,0.0,100.0,351.0,,,,,,,,,,,,
2025-11-23 04:00:00,2.9,2.9,2.9,69.3,69.3,69.3,0.0,0.0,0.0,0.2,0.2,0.2,100.0,100.0,100.0,342.0,342.0,342.0,2.9,69.3,0.0,0.2,100.0,342.0,,,,,,,,,,,,
2025-11-23 04:30:00,2.9,2.9,2.9,69.3,69.3,69.3,0.0,0.0,0.0,0.4,0.4,0.4,100.0,100.0,100.0,326.0,326.0,326.0,2.9,69.3,0.0,0.4,100.0,326.0,,,,,,,,,,,,
2025-11-23 05:00:00,2.9,2.9,2.9,69.3,69.3,69.3,0.0,0.0,0.0,0.5,0.5,0.5,100.0,100.0,100.0,378.0,378.0,378.0,2.9,69.3,0.0,0.5,100.0,378.0,,,,,,,,,,,,
2025-11-23 05:30:00,2.8,2.8,2.8,69.3,69.3,69.3,0.0,0.0,0.0,0.6,0.6,0.6,100.0,100.0,100.0,351.0,351.0,351.0,2.8,69.3,0.0,0.6,100.0,351.0,,,,,,,,,,,,
2025-11-23 06:00:00,2.3,2.8,1.9,73.4,77.4,69.4,0.0,0.0,0.0,0.7,0.7,0.7,100.0,100.0,100.0,480.0,621.6,338.4,2.8,69.2,0.0,0.7,100.0,331.0,1.9,77.6,,,,629.0,,,,,,
2025-11-23 06:30:00,2.3,2.8,1.8,73.6,77.9,69.4,0.0,0.0,0.0,1.0,1.2,0.9,97.2,99.9,94.5,495.5,626.1,364.9,2.8,69.2,0.0,0.9,100.0,358.0,1.8,78.1,0.0,1.2,94.4,633.0,,,,,,
2025-11-23 07:00:00,2.2,2.7,1.8,73.8,78.1,69.4,3.8,4.9,2.6,1.2,1.3,1.1,97.2,99.9,94.6,503.0,634.1,371.9,2.7,69.2,2.5,1.1,100.0,365.0,1.8,78.3,5.0,1.3,94.5,641.0,,,,,,
2025-11-23 07:30:00,2.2,2.6,1.7,73.8,78.3,69.4,37.5,37.5,37.5,1.5,1.6,1.3,97.2,99.9,94.6,428.5,655.1,201.9,2.6,69.2,37.5,1.3,100.0,190.0,1.7,78.5,,1.6,94.5,667.0,,,,,,
2025-11-23 08:00:00,2.0,2.6,1.5,73.9,78.4,69.5,88.3,88.3,88.3,1.6,1.8,1.4,95.2,99.8,90.7,302.5,395.1,209.9,2.6,69.3,88.3,1.4,100.0,205.0,1.5,78.6,,1.8,90.5,400.0,,,,,,
2025-11-23 08:30:00,0.2,2.4,-1.9,73.8,78.1,69.5,210.0,210.0,210.0,1.9,2.1,1.7,94.2,99.7,88.7,343.0,515.0,171.0,2.5,69.3,210.0,1.7,100.0,162.0,-2.0,78.3,,2.1,88.4,524.0,,,,,,
2025-11-23 09:00:00,2.0,2.6,1.5,74.2,78.8,69.5,540.0,540.0,540.0,2.2,2.4,1.9,93.9,99.7,88.1,359.5,544.3,174.7,2.6,69.3,540.0,1.9,100.0,165.0,1.5,79.0,,2.4,87.8,554.0,,,,,,
2025-11-23 09:30:00,2.0,2.6,1.5,74.2,78.9,69.6,420.0,420.0,420.0,2.4,2.6,2.1,93.4,99.7,87.1,359.5,531.0,188.0,2.6,69.4,420.0,2.1,100.0,179.0,1.5,79.1,,2.6,86.8,540.0,,,,,,
2025-11-23 10:00:00,2.0,2.6,1.5,74.2,78.9,69.6,342.5,342.5,342.5,2.6,2.8,2.4,93.6,99.7,87.5,347.0,527.5,166.5,2.6,69.4,342.5,2.4,100.0,157.0,1.5,79.1,,2.8,87.2,537.0,,,,,,
2025-11-23 10:30:00,2.1,2.6,1.6,74.3,79.0,69.6,240.8,240.8,240.8,2.8,2.9,2.6,93.2,99.7,86.7,357.0,522.3,191.7,2.6,69.4,240.8,2.6,100.0,183.0,1.6,79.2,,2.9,86.4,531.0,,,,,,
2025-11-23 11:00:00,2.7,2.7,2.7,69.4,69.4,69.4,620.0,620.0,620.0,2.6,2.6,2.6,100.0,100.0,100.0,153.0,153.0,153.0,2.7,69.4,620.0,2.6,100.0,153.0,,,,,,,,,,,,
2025-11-23 11:30:00,2.7,2.7,2.7,69.4,69.4,69.4,550.8,550.8,550.8,2.5,2.5,2.5,100.0,100.0,100.0,150.0,150.0,150.0,2.7,69.4,550.8,2.5,100.0,150.0,,,,,,,,,,,,
2025-11-23 12:00:00,2.8,2.8,2.8,69.5,69.5,69.5,415.8,415.8,415.8,2.8,2.8,2.8,100.0,100.0,100.0,156.0,156.0,156.0,2.8,69.5,415.8,2.8,100.0,156.0,,,,,,,,,,,,
2025-11-23 12:30:00,2.9,2.9,2.9,69.5,69.5,69.5,526.7,526.7,526.7,2.6,2.6,2.6,100.0,100.0,100.0,163.0,163.0,163.0,2.9,69.5,526.7,2.6,100.0,163.0,,,,,,,,,,,,
2025-11-23 13:00:00,2.9,2.9,2.9,69.6,69.6,69.6,274.2,274.2,274.2,2.6,2.6,2.6,100.0,100.0,100.0,170.0,170.0,170.0,2.9,69.6,274.2,2.6,100.0,170.0,,,,,,,,,,,,
2025-11-23 13:30:00,3.0,3.0,3.0,69.6,69.6,69.6,163.3,163.3,163.3,2.6,2.6,2.6,100.0,100.0,100.0,157.0,157.0,157.0,3.0,69.6,163.3,2.6,100.0,157.0,,,,,,,,,,,,
2025-11-23 14:00:00,3.1,3.1,3.1,69.7,69.7,69.7,113.3,113.3,113.3,2.6,2.6,2.6,100.0,100.0,100.0,156.0,156.0,156.0,3.1,69.7,113.3,2.6,100.0,156.0,,,,,,,,,,,,
2025-11-23 14:30:00,3.1,3.1,3.1,69.8,69.8,69.8,348.3,348.3,348.3,2.6,2.6,2.6,100.0,100.0,100.0,122.0,122.0,122.0,3.1,69.8,348.3,2.6,100.0,122.0,,,,,,,,,,,,
2025-11-23 15:00:00,3.4,3.4,3.4,69.9,69.9,69.9,26.7,26.7,26.7,2.9,2.9,2.9,100.0,100.0,100.0,349.0,349.0,349.0,3.4,69.9,26.7,2.9,100.0,349.0,,,,,,,,,,,,
2025-11-23 15:30:00,3.4,3.4,3.4,69.9,69.9,69.9,11.7,11.7,11.7,3.3,3.3,3.3,100.0,100.0,100.0,313.0,313.0,313.0,3.4,69.9,11.7,3.3,100.0,313.0,,,,,,,,,,,,
2025-11-23 16:00:00,3.5,3.5,3.5,70.0,70.0,70.0,0.0,0.0,0.0,3.8,3.8,3.8,100.0,100.0,100.0,304.0,304.0,304.0,3.5,70.0,0.0,3.8,100.0,304.0,,,,,,,,,,,,
2025-11-23 16:30:00,3.6,3.6,3.6,70.0,70.0,70.0,0.0,0.0,0.0,4.2,4.2,4.2,100.0,100.0,100.0,358.0,358.0,358.0,3.6,70.0,0.0,4.2,100.0,358.0,,,,,,,,,,,,
2025-11-23 17:00:00,3.6,3.6,3.6,70.0,70.0,70.0,0.0,0.0,0.0,4.5,4.5,4.5,100.0,100.0,100.0,313.0,313.0,313.0,3.6,70.0,0.0,4.5,100.0,313.0,,,,,,,,,,,,
2025-11-23 17:30:00,3.2,3.7,2.8,75.2,80.1,70.3,0.0,0.0,0.0,4.8,4.8,4.7,97.3,99.9,94.7,505.0,637.0,373.0,3.7,70.0,0.0,4.7,100.0,366.0,2.8,80.4,0.0,4.8,94.6,644.0,,,,,,
2025-11-23 18:00:00,3.4,3.8,3.0,75.5,80.6,70.4,0.0,0.0,0.0,4.8,4.9,4.7,97.4,99.9,94.8,476.5,622.3,330.7,3.8,70.1,0.0,4.7,100.0,323.0,3.0,80.9,0.0,4.9,94.7,630.0,,,,,,
2025-11-23 18:30:00,3.6,3.9,3.2,75.8,81.0,70.5,0.0,0.0,0.0,4.8,4.9,4.8,97.4,99.9,94.8,462.0,584.6,339.4,3.9,70.2,0.0,4.8,100.0,333.0,3.2,81.3,0.0,4.9,94.7,591.0,,,,,,
2025-11-23 19:00:00,3.7,4.0,3.4,76.0,81.4,70.5,0.0,0.0,0.0,5.2,5.3,5.1,97.4,99.9,94.8,483.5,630.3,336.7,4.0,70.2,0.0,5.1,100.0,329.0,3.4,81.7,0.0,5.3,94.7,638.0,,,,,,
2025-11-23 19:30:00,3.8,4.1,3.6,76.2,81.8,70.6,0.0,0.0,0.0,5.2,5.2,5.1,97.4,99.9,94.8,488.5,616.3,360.7,4.1,70.3,0.0,5.2,100.0,354.0,3.6,82.1,0.0,5.1,94.7,623.0,,,,,,
2025-11-23 20:00:00,4.0,4.2,3.8,76.4,82.1,70.8,0.0,0.0,0.0,4.8,4.8,4.7,97.4,99.9,94.8,505.0,663.6,346.4,4.2,70.5,0.0,4.7,100.0,338.0,3.8,82.4,0.0,4.8,94.7,672.0,,,,,,
2025-11-23 20:30:00,4.2,4.4,3.9,76.6,82.3,70.9,0.0,0.0,0.0,5.2,5.4,5.1,97.4,99.9,94.9,481.5,621.6,341.4,4.4,70.6,0.0,5.1,100.0,334.0,3.9,82.6,0.0,5.4,94.8,629.0,,,,,,
2025-11-23 21:00:00,4.3,4.5,4.1,76.8,82.5,71.1,0.0,0.0,0.0,5.1,5.1,5.1,97.4,99.9,94.9,493.0,660.2,325.8,4.5,70.8,0.0,5.1,100.0,317.0,4.1,82.8,0.0,5.1,94.8,669.0,,,,,,
2025-11-23 21:30:00,4.4,4.6,4.2,76.9,82.6,71.2,0.0,0.0,0.0,5.4,5.4,5.4,97.4,99.9,94.9,492.5,646.9,338.1,4.6,70.9,0.0,5.4,100.0,330.0,4.2,82.9,0.0,5.4,94.8,655.0,,,,,,
2025-11-23 22:00:00,4.6,4.7,4.4,77.0,82.7,71.4,0.0,0.0,0.0,5.4,5.4,5.3,97.4,99.9,94.9,474.5,612.7,336.3,4.7,71.1,0.0,5.4,100.0,329.0,4.4,83.0,0.0,5.3,94.8,620.0,,,,,,
2025-11-23 22:30:00,4.6,4.8,4.5,77.1,82.7,71.5,0.0,0.0,0.0,5.2,5.3,5.2,97.4,99.9,94.9,496.0,641.4,350.6,4.8,71.2,0.0,5.3,100.0,343.0,4.5,83.0,0.0,5.2,94.8,649.0,,,,,,
2025-11-23 23:00:00,4.8,4.9,4.6,77.2,82.7,71.6,0.0,0.0,0.0,4.8,4.9,4.8,97.4,99.9,94.9,490.0,656.2,323.8,4.9,71.3,0.0,4.9,100.0,315.0,4.6,83.0,0.0,4.8,94.8,665.0,,,,,,
2025-11-23 23:30:00,4.8,5.0,4.7,77.3,82.7,71.9,0.0,0.0,0.0,4.7,4.8,4.6,97.4,99.9,94.9,473.5,606.0,341.0,5.0,71.6,0.0,4.6,100.0,334.0,4.7,83.0,0.0,4.8,94.8,613.0,,,,,,
2025-11-24 00:00:00,4.9,5.1,4.8,77.4,82.7,72.0,0.0,0.0,0.0,4.8,4.8,4.7,97.4,99.9,95.0,496.5,630.0,363.0,5.1,71.7,0.0,4.7,100.0,356.0,4.8,83.0,0.0,4.8,94.9,637.0,,,,,,
2025-11-24 00:30:00,5.0,5.2,4.8,77.4,82.7,72.1,0.0,0.0,0.0,4.9,4.9,4.9,97.4,99.9,94.9,492.0,615.5,368.5,5.2,71.8,0.0,4.9,100.0,362.0,4.8,83.0,0.0,4.9,94.8,622.0,,,,,,
2025-11-24 01:00:00,5.1,5.2,4.9,77.4,82.7,72.1,0.0,0.0,0.0,5.0,5.0,4.9,97.4,99.9,95.0,468.5,627.6,309.4,5.2,71.8,0.0,5.0,100.0,301.0,4.9,83.0,0.0,4.9,94.9,636.0,,,,,,
2025-11-24 01:30:00,5.1,5.3,4.9,77.4,82.7,72.1,0.0,0.0,0.0,4.6,4.7,4.5,97.4,99.9,95.0,489.0,652.4,325.6,5.3,71.8,0.0,4.7,100.0,317.0,4.9,83.0,0.0,4.5,94.9,661.0,,,,,,
2025-11-24 02:00:00,5.2,5.3,5.0,77.4,82.7,72.1,0.0,0.0,0.0,4.4,4.4,4.3,97.4,99.9,95.0,450.0,604.8,295.2,5.3,71.8,0.0,4.4,100.0,287.0,5.0,83.0,0.0,4.3,94.9,613.0,,,,,,
2025-11-24 02:30:00,5.2,5.3,5.0,77.4,82.6,72.1,0.0,0.0,0.0,4.5,4.6,4.4,97.4,99.9,95.0,463.5,618.8,308.2,5.3,71.8,0.0,4.4,100.0,300.0,5.0,82.9,0.0,4.6,94.9,627.0,,,,,,
2025-11-24 03:00:00,5.2,5.4,5.0,77.3,82.5,72.1,0.0,0.0,0.0,4.4,4.4,4.4,97.4,99.9,95.0,452.5,611.6,293.4,5.4,71.8,0.0,4.4,100.0,285.0,5.0,82.8,0.0,4.4,94.9,620.0,,,,,,
2025-11-24 03:30:00,5.2,5.4,5.0,77.2,82.4,72.0,0.0,0.0,0.0,4.5,4.6,4.4,97.4,99.9,95.0,488.0,650.4,325.6,5.4,71.7,0.0,4.4,100.0,317.0,5.0,82.7,0.0,4.6,94.9,659.0,,,,,,
2025-11-24 04:00:00,5.2,5.4,5.0,77.2,82.4,72.0,0.0,0.0,0.0,4.4,4.4,4.3,97.4,99.9,95.0,473.0,609.8,336.2,5.4,71.7,0.0,4.3,100.0,329.0,5.0,82.7,0.0,4.4,94.9,617.0,,,,,,
2025-11-24 04:30:00,5.2,5.4,5.0,77.2,82.3,72.1,0.0,0.0,0.0,4.2,4.5,3.9,97.4,99.9,95.0,485.0,620.8,349.2,5.4,71.8,0.0,3.9,100.0,342.0,5.0,82.6,0.0,4.5,94.9,628.0,,,,,,
2025-11-24 05:00:00,5.2,5.4,5.0,77.1,82.2,72.0,0.0,0.0,0.0,4.4,4.6,4.3,97.4,99.9,95.0,482.0,642.6,321.4,5.4,71.7,0.0,4.3,100.0,313.0,5.0,82.5,0.0,4.6,94.9,651.0,,,,,,
2025-11-24 05:30:00,5.2,5.5,5.0,77.1,82.2,72.0,0.0,0.0,0.0,4.6,4.6,4.5,97.5,99.9,95.1,490.5,659.1,321.9,5.5,71.7,0.0,4.5,100.0,313.0,5.0,82.5,0.0,4.6,95.0,668.0,,,,,,
2025-11-24 06:00:00,5.3,5.5,5.1,77.2,82.2,72.1,0.0,0.0,0.0,4.3,4.5,4.1,97.5,99.9,95.1,485.0,642.7,327.3,5.5,71.8,0.0,4.1,100.0,319.0,5.1,82.5,0.0,4.5,95.0,651.0,,,,,,
2025-11-24 06:30:00,5.3,5.5,5.1,77.2,82.2,72.1,0.4,0.8,0.0,4.5,4.6,4.4,97.5,99.9,95.1,472.0,632.6,311.4,5.5,71.8,0.0,4.4,100.0,303.0,5.1,82.5,0.8,4.6,95.0,641.0,,,,,,
2025-11-24 07:00:00,5.2,5.5,4.9,77.1,82.1,72.1,26.6,37.7,15.6,4.6,4.6,4.5,97.5,99.9,95.1,449.0,575.4,322.6,5.5,71.8,15.0,4.6,100.0,316.0,4.9,82.4,38.3,4.5,95.0,582.0,,,,,,
2025-11-24 07:30:00,5.0,5.3,4.8,77.2,82.2,72.1,86.6,101.7,71.6,4.7,4.8,4.6,97.5,99.9,95.1,336.0,512.7,159.3,5.3,71.8,70.8,4.6,100.0,150.0,4.8,82.5,102.5,4.8,95.0,522.0,,,,,,
2025-11-24 08:00:00,5.0,5.3,4.8,77.2,82.2,72.2,192.9,221.0,164.8,5.0,5.1,5.0,97.6,99.9,95.2,346.0,527.4,164.6,5.3,71.9,163.3,5.0,100.0,155.0,4.8,82.5,222.5,5.1,95.1,537.0,,,,,,
2025-11-24 08:30:00,5.1,5.3,4.9,77.2,82.3,72.2,494.6,727.7,261.5,5.5,5.6,5.4,97.6,99.9,95.2,335.0,515.5,154.5,5.3,71.9,740.0,5.6,100.0,145.0,4.9,82.6,249.2,5.4,95.1,525.0,,,,,,
2025-11-24 09:00:00,5.1,5.3,4.9,77.3,82.5,72.1,1749.6,2107.0,1392.1,6.3,6.5,6.1,97.6,99.9,95.2,345.5,525.5,165.5,5.3,71.8,2125.8,6.5,100.0,156.0,4.9,82.8,1373.3,6.1,95.1,535.0,,,,,,
2025-11-24 09:30:00,5.2,5.3,5.0,77.4,82.8,71.9,760.0,829.6,690.4,5.9,6.1,5.8,97.6,99.9,95.2,332.5,519.2,145.8,5.3,71.6,833.3,6.1,100.0,136.0,5.0,83.1,686.7,5.8,95.1,529.0,,,,,,
2025-11-24 10:00:00,5.2,5.4,5.0,77.4,83.1,71.7,1595.4,2383.5,807.3,6.2,6.4,6.1,97.6,99.9,95.2,348.5,504.8,192.2,5.4,71.4,765.8,6.1,100.0,184.0,5.0,83.4,2425.0,6.4,95.1,513.0,,,,,,
2025-11-24 10:30:00,5.3,5.5,5.1,77.5,83.4,71.6,4798.4,6336.5,3260.2,8.1,8.1,8.1,97.6,99.9,95.3,310.0,478.2,141.8,5.5,71.3,3179.2,8.1,100.0,133.0,5.1,83.7,6417.5,8.1,95.2,487.0,,,,,,
2025-11-24 11:00:00,5.4,5.6,5.3,77.8,83.9,71.6,7891.7,10832.0,4951.4,8.6,8.6,8.5,97.6,99.9,95.3,311.0,484.8,137.2,5.6,71.3,4796.7,8.6,100.0,128.0,5.3,84.2,10986.7,8.5,95.2,494.0,,,,,,
2025-11-24 11:30:00,5.6,5.8,5.5,77.9,84.1,71.7,6061.7,10849.7,1273.7,8.2,8.9,7.6,97.8,99.9,95.6,323.0,500.6,145.4,5.8,71.4,11101.7,8.9,100.0,136.0,5.5,84.4,1021.7,7.6,95.5,510.0,,,,,,
2025-11-24 12:00:00,5.9,6.0,5.8,78.2,84.4,72.0,1342.5,1658.4,1026.6,7.3,7.7,6.9,97.8,99.9,95.8,338.5,513.8,163.2,6.0,71.7,1675.0,7.7,100.0,154.0,5.8,84.7,1010.0,6.9,95.7,523.0,,,,,,
2025-11-24 12:30:00,6.1,6.2,6.0,78.4,84.6,72.3,1984.2,2262.1,1706.3,7.6,7.8,7.5,95.3,99.8,90.8,324.0,496.9,151.1,6.2,72.0,2276.7,7.8,100.0,142.0,6.0,84.9,1691.7,7.5,90.6,506.0,,,,,,
2025-11-24 13:00:00,6.3,6.4,6.2,78.6,84.6,72.6,712.9,923.9,501.9,7.4,7.8,7.1,95.5,99.8,91.2,310.5,471.5,149.5,6.4,72.3,935.0,7.8,100.0,141.0,6.2,84.9,490.8,7.1,91.0,480.0,,,,,,
2025-11-24 13:30:00,6.4,6.5,6.3,78.8,84.6,72.9,655.4,812.5,498.3,7.2,7.4,7.1,95.6,99.8,91.3,327.5,502.8,152.2,6.5,72.6,820.8,7.4,100.0,143.0,6.3,84.9,490.0,7.1,91.1,512.0,,,,,,
2025-11-24 14:00:00,6.6,6.7,6.5,78.8,84.4,73.2,535.8,757.5,314.2,7.4,7.7,7.1,95.2,99.8,90.7,341.5,514.9,168.1,6.7,72.9,769.2,7.7,100.0,159.0,6.5,84.7,302.5,7.1,90.5,524.0,,,,,,
2025-11-24 14:30:00,6.7,6.8,6.6,78.8,84.3,73.4,278.0,369.4,186.5,7.3,7.5,7.1,95.4,99.8,91.0,347.0,511.4,182.6,6.8,73.1,374.2,7.5,100.0,174.0,6.6,84.6,181.7,7.1,90.8,520.0,,,,,,
2025-11-24 15:00:00,6.8,6.9,6.7,78.8,84.1,73.6,167.5,253.0,82.0,6.8,7.1,6.6,96.4,99.8,93.0,351.5,530.6,172.4,6.9,73.3,257.5,7.1,100.0,163.0,6.7,84.4,77.5,6.6,92.8,540.0,,,,,,
2025-11-24 15:30:00,7.0,7.0,6.9,78.8,84.0,73.7,25.8,43.3,8.4,6.2,6.2,6.2,97.2,99.9,94.6,438.0,642.2,233.8,7.0,73.4,44.2,6.2,100.0,223.0,6.9,84.3,7.5,6.2,94.5,653.0,,,,,,
2025-11-24 16:00:00,7.1,7.2,7.0,78.8,83.8,73.7,0.4,0.8,0.0,5.8,6.0,5.6,97.5,99.9,95.1,521.0,683.4,358.6,7.2,73.4,0.8,5.6,100.0,350.0,7.0,84.1,0.0,6.0,95.0,692.0,,,,,,
2025-11-24 16:30:00,7.1,7.2,7.0,78.6,83.5,73.7,0.0,0.0,0.0,5.6,6.0,5.2,97.6,99.9,95.4,557.0,694.8,419.2,7.2,73.4,0.0,5.2,100.0,412.0,7.0,83.8,0.0,6.0,95.3,702.0,,,,,,
2025-11-24 17:00:00,7.2,7.3,7.0,78.4,83.3,73.6,0.0,0.0,0.0,5.6,5.8,5.3,97.9,99.9,95.9,569.0,718.2,419.8,7.3,73.3,0.0,5.3,100.0,412.0,7.0,83.6,0.0,5.8,95.8,726.0,,,,,,
2025-11-24 17:30:00,7.2,7.3,7.0,78.4,83.2,73.5,0.0,0.0,0.0,5.5,5.9,5.1,97.9,99.9,95.9,576.5,704.3,448.7,7.3,73.2,0.0,5.1,100.0,442.0,7.0,83.5,0.0,5.9,95.8,711.0,,,,,,
2025-11-24 18:00:00,7.1,7.2,7.0,78.2,83.0,73.4,0.0,0.0,0.0,5.4,5.8,5.1,97.8,99.9,95.8,585.5,701.9,469.1,7.2,73.1,0.0,5.1,100.0,463.0,7.0,83.3,0.0,5.8,95.7,708.0,,,,,,
2025-11-24 18:30:00,7.1,7.2,7.0,78.1,82.9,73.2,0.0,0.0,0.0,5.2,5.6,4.9,98.0,99.9,96.2,579.5,694.0,465.0,7.2,72.9,0.0,4.9,100.0,459.0,7.0,83.2,0.0,5.6,96.1,700.0,,,,,,
2025-11-24 19:00:00,7.1,7.2,7.0,78.0,82.7,73.2,0.0,0.0,0.0,4.9,5.3,4.6,98.1,99.9,96.3,598.5,711.1,485.9,7.2,72.9,0.0,4.6,100.0,480.0,7.0,83.0,0.0,5.3,96.2,717.0,,,,,,
2025-11-24 19:30:00,7.1,7.2,7.0,77.8,82.6,73.1,0.0,0.0,0.0,4.6,5.0,4.2,98.2,99.9,96.6,587.0,705.8,468.2,7.2,72.8,0.0,4.2,100.0,462.0,7.0,82.9,0.0,5.0,96.5,712.0,,,,,,
2025-11-24 20:00:00,7.0,7.1,6.9,77.7,82.4,73.0,0.0,0.0,0.0,4.0,4.4,3.5,98.4,99.9,96.8,617.5,725.3,509.7,7.1,72.7,0.0,3.5,100.0,504.0,6.9,82.7,0.0,4.4,96.7,731.0,,,,,,
2025-11-24 20:30:00,7.0,7.1,6.9,77.6,82.3,72.8,0.0,0.0,0.0,3.6,4.1,3.0,98.4,99.9,96.9,613.0,748.8,477.2,7.1,72.5,0.0,3.0,100.0,470.0,6.9,82.6,0.0,4.1,96.8,756.0,,,,,,
2025-11-24 21:00:00,6.9,7.0,6.8,77.4,82.2,72.6,0.0,0.0,0.0,3.3,3.9,2.7,98.4,99.9,97.0,646.5,749.6,543.4,7.0,72.4,0.0,2.7,100.0,538.0,6.8,82.4,0.0,3.9,96.9,755.0,,,,,,
2025-11-24 21:30:00,6.8,6.9,6.8,77.2,82.0,72.5,0.0,0.0,0.0,3.0,3.7,2.3,98.6,99.9,97.2,636.0,766.2,505.8,6.9,72.3,0.0,2.3,100.0,499.0,6.8,82.2,0.0,3.7,97.1,773.0,,,,,,
2025-11-24 22:00:00,6.8,6.8,6.7,77.0,81.8,72.3,0.0,0.0,0.0,2.6,3.3,2.0,98.6,99.9,97.2,614.5,743.2,485.8,6.8,72.1,0.0,2.0,100.0,479.0,6.7,82.0,0.0,3.3,97.1,750.0,,,,,,
2025-11-24 22:30:00,6.6,6.7,6.6,76.9,81.6,72.2,0.0,0.0,0.0,2.8,3.1,2.4,98.6,99.9,97.3,635.0,769.9,500.1,6.7,72.0,0.0,2.4,100.0,493.0,6.6,81.8,0.0,3.1,97.2,777.0,,,,,,
2025-11-24 23:00:00,6.6,6.6,6.5,76.6,81.3,72.0,0.0,0.0,0.0,2.2,2.7,1.7,98.6,99.9,97.2,633.0,785.0,481.0,6.6,71.8,0.0,1.7,100.0,473.0,6.5,81.5,0.0,2.7,97.1,793.0,,,,,,
2025-11-24 23:30:00,6.4,6.5,6.4,76.5,81.1,71.9,0.0,0.0,0.0,2.0,2.5,1.4,98.6,99.9,97.3,662.5,814.0,511.0,6.5,71.7,0.0,1.4,100.0,503.0,6.4,81.3,0.0,2.5,97.2,822.0,,,,,,
2025-11-25 00:00:00,6.3,6.4,6.2,76.3,80.9,71.7,0.0,0.0,0.0,1.6,2.2,1.1,98.6,99.9,97.4,650.0,791.6,508.4,6.4,71.5,0.0,1.1,100.0,501.0,6.2,81.1,0.0,2.2,97.3,799.0,,,,,,
2025-11-25 00:30:00,6.2,6.2,6.1,76.0,80.6,71.5,0.0,0.0,0.0,1.2,1.8,0.6,98.6,99.9,97.4,633.0,769.8,496.2,6.2,71.3,0.0,0.6,100.0,489.0,6.1,80.8,0.0,1.8,97.3,777.0,,,,,,
2025-11-25 01:00:00,6.0,6.1,6.0,75.8,80.3,71.4,0.0,0.0,0.0,0.9,1.7,0.1,98.6,99.9,97.4,657.0,805.2,508.8,6.1,71.2,0.0,0.1,100.0,501.0,6.0,80.5,0.0,1.7,97.3,813.0,,,,,,
2025-11-25 01:30:00,5.8,5.9,5.8,75.6,80.0,71.2,0.0,0.0,0.0,0.6,1.3,0.0,98.6,99.9,97.4,645.5,777.1,513.9,5.9,71.0,0.0,0.0,100.0,507.0,5.8,80.2,0.0,1.3,97.3,784.0,,,,,,
2025-11-25 02:00:00,5.7,5.7,5.7,75.4,79.7,71.0,0.0,0.0,0.0,0.4,0.9,-0.2,98.6,99.9,97.4,660.0,784.4,535.6,5.7,70.8,0.0,-0.2,100.0,529.0,5.7,79.9,0.0,0.9,97.3,791.0,,,,,,
2025-11-25 02:30:00,5.6,5.6,5.5,75.2,79.4,70.9,0.0,0.0,0.0,0.0,0.6,-0.5,98.7,99.9,97.5,625.0,758.0,492.0,5.6,70.7,0.0,-0.5,100.0,485.0,5.5,79.6,0.0,0.6,97.4,765.0,,,,,,
2025-11-25 03:00:00,5.4,5.4,5.3,75.0,79.2,70.7,0.0,0.0,0.0,0.0,0.5,-0.5,98.7,99.9,97.5,642.5,777.9,507.1,5.4,70.5,0.0,-0.5,100.0,500.0,5.3,79.4,0.0,0.5,97.4,785.0,,,,,,
2025-11-25 03:30:00,5.2,5.2,5.1,74.7,78.9,70.5,0.0,0.0,0.0,-0.2,0.3,-0.8,98.8,99.9,97.6,651.0,781.2,520.8,5.2,70.3,0.0,-0.8,100.0,514.0,5.1,79.1,0.0,0.3,97.5,788.0,,,,,,
2025-11-25 04:00:00,5.0,5.0,4.9,74.5,78.6,70.4,0.0,0.0,0.0,-0.3,0.3,-0.9,98.7,99.9,97.5,659.0,785.4,532.6,5.0,70.2,0.0,-0.9,100.0,526.0,4.9,78.8,0.0,0.3,97.4,792.0,,,,,,
2025-11-25 04:30:00,4.8,4.8,4.7,74.3,78.4,70.2,0.0,0.0,0.0,-0.4,0.2,-0.9,98.8,99.9,97.6,656.0,778.6,533.4,4.8,70.0,0.0,-0.9,100.0,527.0,4.7,78.6,0.0,0.2,97.5,785.0,,,,,,
2025-11-25 05:00:00,4.6,4.6,4.5,74.2,78.2,70.1,0.0,0.0,0.0,-0.1,0.5,-0.7,98.9,99.9,97.9,694.5,809.9,579.1,4.6,69.9,0.0,-0.7,100.0,573.0,4.5,78.4,0.0,0.5,97.8,816.0,,,,,,
2025-11-25 05:30:00,4.4,4.5,4.4,74.0,78.0,70.0,0.0,0.0,0.0,0.5,1.2,-0.1,99.1,100.0,98.2,679.5,801.6,557.4,4.5,69.8,0.0,-0.1,100.0,551.0,4.4,78.2,0.0,1.2,98.2,808.0,,,,,,
2025-11-25 06:00:00,4.2,4.3,4.2,74.0,78.0,69.9,0.0,0.0,0.0,1.1,1.7,0.5,99.2,100.0,98.3,702.5,826.5,578.5,4.3,69.7,0.0,0.5,100.0,572.0,4.2,78.2,0.0,1.7,98.3,833.0,,,,,,
2025-11-25 06:30:00,4.1,4.2,4.0,73.9,78.1,69.8,0.0,0.0,0.0,2.0,2.4,1.5,99.2,100.0,98.4,691.5,817.4,565.6,4.2,69.6,0.0,1.5,100.0,559.0,4.0,78.3,0.0,2.4,98.4,824.0,,,,,,
2025-11-25 07:00:00,3.9,4.1,3.7,74.0,78.2,69.8,14.2,23.7,4.7,4.0,4.5,3.5,97.6,99.9,95.4,524.5,624.7,424.3,4.1,69.6,4.2,3.5,100.0,419.0,3.7,78.4,24.2,4.5,95.3,630.0,,,,,,
2025-11-25 07:30:00,3.7,3.8,3.6,74.2,78.5,69.9,74.2,83.7,64.7,4.6,5.0,4.3,97.6,99.9,95.4,372.0,568.6,175.4,3.8,69.7,84.2,4.3,100.0,165.0,3.6,78.7,64.2,5.0,95.3,579.0,,,,,,
2025-11-25 08:00:00,3.6,3.8,3.5,74.6,79.0,70.1,170.8,186.7,155.0,5.4,5.6,5.3,97.6,99.9,95.4,352.5,523.0,182.0,3.8,69.9,187.5,5.3,100.0,173.0,3.5,79.2,154.2,5.6,95.3,532.0,,,,,,
2025-11-25 08:30:00,3.8,4.0,3.6,75.3,79.6,71.0,462.5,493.4,431.6,5.6,5.7,5.5,97.6,99.9,95.4,344.0,517.8,170.2,4.0,70.8,430.0,5.5,100.0,161.0,3.6,79.8,495.0,5.7,95.3,527.0,,,,,,
2025-11-25 09:00:00,3.8,4.1,3.6,75.8,80.2,71.5,449.2,471.3,427.0,5.8,5.9,5.8,97.6,99.9,95.4,367.5,532.3,202.7,4.1,71.3,472.5,5.8,100.0,194.0,3.6,80.4,425.8,5.9,95.3,541.0,,,,,,
2025-11-25 09:30:00,4.0,4.2,3.7,76.3,80.9,71.7,1026.2,1042.4,1010.1,6.2,6.2,6.2,97.6,99.9,95.4,374.5,562.1,186.9,4.2,71.5,1009.2,6.2,100.0,177.0,3.7,81.1,1043.3,6.2,95.3,572.0,,,,,,
2025-11-25 10:00:00,4.0,4.3,3.8,76.7,81.4,72.0,1410.0,1448.8,1371.2,6.6,6.6,6.5,97.7,99.9,95.5,364.5,529.3,199.7,4.3,71.8,1450.8,6.6,100.0,191.0,3.8,81.6,1369.2,6.5,95.4,538.0,,,,,,
2025-11-25 10:30:00,4.2,4.4,3.9,77.2,81.8,72.6,5687.0,10058.2,1315.9,7.6,8.4,6.7,97.8,99.9,95.7,336.5,486.1,186.9,4.4,72.4,1085.8,6.7,100.0,179.0,3.9,82.0,10288.3,8.4,95.6,494.0,,,,,,
2025-11-25 11:00:00,4.6,4.6,4.6,72.9,72.9,72.9,1254.2,1254.2,1254.2,8.3,8.3,8.3,100.0,100.0,100.0,131.0,131.0,131.0,4.6,72.9,1254.2,8.3,100.0,131.0,,,,,,,,,,,,
